{
    "rouge1": 57.08705089517172,
    "rouge2": 10.999934602053491,
    "rougeL": 57.096977369194725,
    "rougeLsum": 57.09035971984614,
    "bleu": 49.26485934730683,
    "bleu_precisions": [
        79.22295897223374,
        64.12899937446423,
        47.34934061892503,
        25.381418908671783
    ],
    "rouge1_lower": 57.08705089517172,
    "rouge2_lower": 10.999934602053491,
    "rougeL_lower": 57.096977369194725,
    "rougeLsum_lower": 57.09035971984614,
    "bleu_lower": 49.26485934730683,
    "bleu_precisions_lower": [
        79.22295897223374,
        64.12899937446423,
        47.34934061892503,
        25.381418908671783
    ],
    "num_test_examples": 5097,
    "exact_match_acc": 0.10555228565823033,
    "exact_match_acc_lower": 0.10555228565823033
}