{
    "rouge1": 56.540627695717525,
    "rouge2": 10.332875547707793,
    "rougeL": 56.53843997869752,
    "rougeLsum": 56.539257453028846,
    "bleu": 48.70349273304388,
    "bleu_precisions": [
        78.45240296698104,
        63.22179381254016,
        46.41975308641975,
        24.486188507400083
    ],
    "rouge1_lower": 56.540627695717525,
    "rouge2_lower": 10.332875547707793,
    "rougeL_lower": 56.53843997869752,
    "rougeLsum_lower": 56.539257453028846,
    "bleu_lower": 48.70349273304388,
    "bleu_precisions_lower": [
        78.45240296698104,
        63.22179381254016,
        46.41975308641975,
        24.486188507400083
    ],
    "num_test_examples": 5097,
    "exact_match_acc": 0.09947027663331372,
    "exact_match_acc_lower": 0.09947027663331372
}